<?xml version="1.0" encoding="UTF-8" standalone="no"?>
<project default="create_run_jar" name="Create Runnable Jar for Project baggage-processor">
    <!--this file was created by Eclipse Runnable JAR Export Wizard-->
    <!--ANT 1.7 is required                                        -->
    <!--define folder properties-->
    <property name="dir.buildfile" value="."/>
    <property name="dir.workspace" value="/Users/samit/Documents/workspace"/>
    <property name="dir.jarfile" value="${dir.buildfile}/lib"/>
    <target name="create_run_jar">
        <jar destfile="${dir.jarfile}/baggageprocessor.jar" filesetmanifest="mergewithoutmain">
            <manifest>
                <attribute name="Main-Class" value="barclays.airport.ui.CmdLineProcessor"/>
                <attribute name="Class-Path" value="."/>
            </manifest>
            <fileset dir="${dir.buildfile}/bin"/>
            <zipfileset excludes="META-INF/*.SF" src="/Users/samit/.p2/pool/plugins/org.junit_4.12.0.v201504281640/junit.jar"/>
            <zipfileset excludes="META-INF/*.SF" src="/Users/samit/.p2/pool/plugins/org.hamcrest.core_1.3.0.v201303031735.jar"/>
        </jar>
    </target>
</project>
